Modell,AUC
Vollständiges Modell,0.8370967741935484
Reduziertes Modell,0.9080645161290322
